external_id,existing_gd_id,source_type,source_name,source_url,discovered_at,last_checked,review_status,confidence_score,club_name,summary_raw,summary_final,audience,discipline_primary,disciplines_csv,website,facebook_url,instagram_url,twitter_url,twitter_handle,youtube_url,strava_url,email,street,street2,city,region,country,postal_code,plus_code,latitude,longitude,logo_source_url,logo_rights_status,cover_source_url,gallery_source_urls,image_rights_status,image_notes,focus,notes_internal
bramptoncyclingclub-com-brampton-ontario,,openai-web-search,"openai web search discovery for Brampton, Ontario",https://bramptoncyclingclub.com/touring_schedule/,2026-04-14 19:23:17,2026-04-14 19:23:17,pending,0.98,Brampton Cycling Club,Club OverviewWelcome all cycling enthusiasts to the Brampton Cycling Club (BCC). We are a non-profit organization that was founded in 1972. The club started,"Brampton Cycling Club is a mixed-gender cycling club with a clear women-relevant side in Brampton built around road rides. Founded in 1972, it brings a long local history to the ride.",,Road,Road,https://bramptoncyclingclub.com,https://www.facebook.com/pages/Brampton-Cycling-Club/262675222866,https://www.instagram.com/brampton_cycling_club,,,,https://www.strava.com/clubs/brampton-cycling-club,info@carbonink.ca,,,Brampton,Ontario,Canada,,,43.68341,-79.76633,https://bramptoncyclingclub.com/wp-content/uploads/2023/02/BCC-logo-v4-3.png,official-site,https://bramptoncyclingclub.com/wp-content/uploads/2022/09/side_photo_16.jpg,,official-site,autodiscovered from search/page metadata,,"score=0.98 | location=Brampton, Ontario, Canada | audience needs review | classification=club | ai_confidence=0.98 | official_source=https://bramptoncyclingclub.com/touring_schedule/ | supporting_sources=https://bramptoncyclingclub.com/touring_schedule/; https://bramptoncyclingclub.com/; https://bramptoncyclingclub.com/club_details/; https://www.strava.com/clubs/brampton-cycling-club; https://ontariocycling.org/ontario-womens-cycling/ | sanitized image selection"
wildapricot-org-brampton-ontario,,openai-web-search,"openai web search discovery for Brampton, Ontario",https://caledoncyclingclub.wildapricot.org/news/13497141,2026-04-14 19:23:17,2026-04-14 19:23:17,pending,0.98,Caledon Cycling Club,"Caledon Cycling Club is a real, recurring cycling club based in the Caledon/Brampton area with organized weekly mountain bike, road, gravel, and rail-trail rides, plus club membership and events. The official site describes Caledon Cycling Club as a club for mountain, road and gravel cyclists, with organized weekly rides, membership, ride leaders, and club events. That supports that it is a bona fide cycling club rather than a shop, individual, or one-off event page. It is mixed gender and serves riders in the Brampton/Caledon area.","Caledon Cycling Club is a mixed-gender cycling club with a clear women-relevant side in Caledon built around mountain bike, road, and gravel rides. Expect a community-minded atmosphere and a clear sense that riding together is the point. That regular cadence gives it the feel of a real club, not just a page on the internet.",Mixed Gender,MTB,"MTB,Road,Gravel",https://caledoncyclingclub.wildapricot.org/About-Us,https://www.facebook.com/groups/328052365873916,,,,,https://www.strava.com/clubs/134957,caledoncyclingclub@gmail.com,,,Caledon,Ontario,Canada,,,43.68341,-79.76633,https://caledoncyclingclub.wildapricot.org/resources/Pictures/CCC%20logo.svg,official-site,https://caledoncyclingclub.wildapricot.org/resources/Pictures/CCC-Kids-MTB-banner.jpg,https://caledoncyclingclub.wildapricot.org/resources/Pictures/Event%20Images/Spring%20BBQ%202022.jpg,official-site,autodiscovered from search/page metadata,,"score=0.98 | location=Brampton, Ontario, Canada | classification=club | ai_confidence=0.98 | official_source=https://caledoncyclingclub.wildapricot.org/news/13497141 | supporting_sources=https://caledoncyclingclub.wildapricot.org/news/13497141; https://caledoncyclingclub.wildapricot.org/; https://caledoncyclingclub.wildapricot.org/About-Us; https://caledoncyclingclub.wildapricot.org/page-18109; https://bramptoncyclingclub.com/ | sanitized image selection"
commonempire-com-ottawa-ontario,,openai-web-search,"openai web search discovery for Ottawa, Ontario",https://commonempire.com/group-rides/ottawa/womens-weekly-ride/,2026-04-15 11:59:32,2026-04-15 11:59:32,pending,0.96,Common Empire,"Join Common Empire for outdoor cycling events, community rides, and bike adventures in Gatineau Park and beyond. Perfect for cycling enthusiasts seeking fun & connection.","Common Empire is an Ottawa cycling community that runs recurring group rides and events, including a weekly women’s-only ride designed to connect women cyclists in the city. The broader program mixes road rides, gravel adventures, coffee spins, and even bikepacking, with a friendly community feel and a strong emphasis on getting outside together. It’s less a single race team and more a welcoming ride network built around shared adventures on two wheels.",Women Only,Road,"Road,Gravel,Touring",https://www.commonempire.com,https://www.facebook.com/commonempire,https://www.instagram.com/commonempire,,,,https://www.strava.com/clubs/516841,info@commonempire.com,,,Ottawa,Ontario,Canada,,,45.41117,-75.69812,http://static1.squarespace.com/static/68ee4b059998b46ad8af1555/t/68f58bd76aae337867c92170/1760922583903/CE-Logo.png?format=1500w,official-site,,,,autodiscovered from search/page metadata,,"score=0.96 | location=Ottawa, Ontario, Canada | classification=ride-group | ai_confidence=0.96 | official_source=https://commonempire.com/group-rides/ottawa/womens-weekly-ride/ | supporting_sources=https://commonempire.com/group-rides/ottawa/womens-weekly-ride/; https://commonempire.com/; https://commonempire.com/ottawa/; https://commonempire.com/group-rides/ottawa/weekly-park-loop/; https://commonempire.com/group-rides/"
autobuscc-ca-toronto-ontario,,openai-web-search,"openai web search discovery for Toronto, Ontario",https://www.autobuscc.ca/,2026-04-16 16:51:11,2026-04-16 16:51:11,pending,0.98,Autobus Cycling Club,"We welcome all road cyclists, and by reading on we are hoping you will be able to find a right fit within one of our group rides.","Autobus Cycling Club is a not-for-profit road cycling club serving the Oakville and Toronto area, built around friendly, social riding rather than racing intensity. It welcomes all road cyclists, and its site explicitly notes a DAME program that offers women’s programming, making it relevant for women riders while still operating as a broader co-ed club. The club emphasizes camaraderie, inclusivity, and the simple joy of “just riding along.”",Women Only,Road,Road,https://www.autobuscc.ca,https://www.facebook.com/JRAAutobus,http://instagram.com/jraautobus,https://twitter.com/autobuscc,autobuscc,,https://www.strava.com/clubs/autobuscc,user@domain.com,,,Toronto,Ontario,Canada,,,43.70643,-79.39864,https://images.squarespace-cdn.com/content/v1/585aa5ce5016e1ac6da7b73c/1488047380487-KYVNIUW0CW25BEP27SF3/download%2B%2816%29.png,official-site,,,,autodiscovered from search/page metadata,,"score=0.98 | location=Toronto, Ontario, Canada | classification=club | ai_confidence=0.98 | official_source=https://www.autobuscc.ca/ | supporting_sources=https://www.autobuscc.ca/; https://www.autobuscc.ca/info; https://www.lapdogs.ca/ldcc-calendar/2025/5/26/womens-only-road-ride-amp-club-try-out-c92l5; https://www.lapdogs.ca/; https://thebadgirlsbikeclub.com/about/"
thebadgirlsbikeclub-com-toronto-ontario,,openai-web-search,"openai web search discovery for Toronto, Ontario",https://thebadgirlsbikeclub.com/about/,2026-04-16 17:37:24,2026-04-16 17:37:24,pending,0.96,The Bad Girls* Bike Club,This is just a short excerpt for the about page.,"The Bad Girls* Bike Club is a Toronto-based cycling group built for women, trans, and gender nonconforming riders, with an explicitly inclusive, women-relevant mission. It runs weekly beginner-level rides in spring and summer that are described as casual and slow-paced, plus bike-maintenance workshops through the year. The vibe is about making cycling feel welcoming, empowering, and low-pressure rather than athlete-only.",Women Only,MTB XC,MTB XC,https://thebadgirlsbikeclub.com/,https://www.facebook.com/thebadgirlsbikeclub,http://instagram.com/thebadgirlsbikeclub,,,,,,,,Toronto,Ontario,Canada,,,43.70643,-79.39864,https://https:\/\/static.cdninstagram.com\/rsrc.php\/yb\/r\/SxCWlJznXoy.svg,official-social,https://i0.wp.com/thebadgirlsbikeclub.com/wp-content/uploads/2016/09/img_2719.jpg?fit=1200%2C800&ssl=1,,official-site,autodiscovered from search/page metadata,,"score=0.96 | location=Toronto, Ontario, Canada | classification=ride-group | ai_confidence=0.96 | official_source=https://thebadgirlsbikeclub.com/about/ | supporting_sources=https://thebadgirlsbikeclub.com/about/; https://thebadgirlsbikeclub.com/; https://www.lapdogs.ca/; https://www.lapdogs.ca/ldcc-calendar/2025/5/26/womens-only-road-ride-amp-club-try-out-c92l5; https://xogravel.com/"
lapdogs-ca-toronto-ontario,,openai-web-search,"openai web search discovery for Toronto, Ontario",https://www.lapdogs.ca/ldcc-calendar/2025/5/26/womens-only-road-ride-amp-club-try-out-c92l5,2026-04-16 17:37:24,2026-04-16 17:37:24,pending,0.98,LapDogs Cycling Club,"Women's Only - Mixed surface Gravel Rides Join Alison for a Fun Gravel Ride. No drop, 64km mixed surface adventure that will ride through all kinds of surfaces - dirt, gravel, multi-use paths, and a little road. We will stop halfway in North York at a Chinese bakery. Linked route may vary dependin","LapDogs Cycling Club is a volunteer-run Toronto riding community that’s been around since 2003, built around social group rides, skills development, and a welcoming pack mentality. While the club is mixed gender overall, its official calendar includes women-only rides and try-out events, including road, gravel, and beginner MTB sessions. The ride menu spans road, gravel, mountain biking, cyclocross, and track, with a strong no-drop, community-first feel.",Mixed Gender,MTB,"MTB,Road,Gravel,Track,Cyclo-cross",https://www.lapdogs.ca,http://www.facebook.com/LapDogsCyclingClub,https://www.instagram.com/lapdogscyclingclub,https://twitter.com/LapDogsCycling,LapDogsCycling,,,info@lapdogs.ca,,,Toronto,Ontario,Canada,,,43.70643,-79.39864,https://static1.squarespace.com/static/55218b71e4b01b8a469d9519/t/698a5180edc0271e4e09ba23/1776266181706/,official-site,http://static1.squarespace.com/static/55218b71e4b01b8a469d9519/5c81d189fa0d607755ec2869/6828ba7e8834bf1888426061/1748373034372/LDCC_Calendar_Ride_WomenTry_Gravel.jpg?format=1500w,https://images.squarespace-cdn.com/content/v1/55218b71e4b01b8a469d9519/1747507174179-Z17R5TO17AXED4OLYS9K/LDCC_Calendar_Ride_WomenTry_Gravel.jpg,official-site,autodiscovered from search/page metadata,,"score=0.98 | location=Toronto, Ontario, Canada | classification=club | ai_confidence=0.98 | official_source=https://www.lapdogs.ca/ldcc-calendar/2025/5/26/womens-only-road-ride-amp-club-try-out-c92l5 | supporting_sources=https://www.lapdogs.ca/ldcc-calendar/2025/5/26/womens-only-road-ride-amp-club-try-out-c92l5; https://www.lapdogs.ca/; https://xogravel.com/; https://hvwcycling.com/hvwc-community/; https://www.tbccycling.ca/"
hustleprocycling-ca-toronto-ontario,,openai-web-search,"openai web search discovery for Toronto, Ontario",https://hustleprocycling.ca/community-events/,2026-04-16 17:37:24,2026-04-16 17:37:24,pending,0.95,Community & Events,UCI Continental Cycling Team,"Hustle Pro Cycling is a real Toronto-based racing team with a community-facing presence, not just a storefront or one-off event. Its site highlights women’s outdoor rides each spring and summer, showing a women-relevant program alongside broader team racing. The club also leans into road racing and gravel-oriented community events, with a grassroots, give-back-to-the-community feel.",Women Only,Road,"Road,Gravel",https://hustleprocycling.ca/,https://www.facebook.com/torontohustleCS,https://www.instagram.com/toronto_hustle,https://twitter.com/toronto_hustle,toronto_hustle,https://www.youtube.com/@torontohustlecyclingsyndic9302,https://www.strava.com/clubs/torontohustle,info@hustleprocycling.ca,,,Toronto,Ontario,Canada,,,43.70643,-79.39864,https://hustleprocycling.ca/wp-content/uploads/2023/01/logo-jackroo.svg,official-site,https://hustleprocycling.ca/wp-content/uploads/2023/01/ride-for-mind-event.jpg,https://hustleprocycling.ca/wp-content/uploads/2024/08/community-and-events-banner.jpg::https://hustleprocycling.ca/community-events/\/\/hustleprocycling.ca\/wp-content\/uploads\/2024\/08\/community-and-events-banner.jpg::https://hustleprocycling.ca/wp-content/uploads/2024/08/community-and-events-banner-1000x313.jpg::https://hustleprocycling.ca/community-events/\/\/hustleprocycling.ca\/wp-content\/uploads\/2024\/08\/community-and-events-banner-1024x320.jpg::https://hustleprocycling.ca/wp-content/uploads/2023/01/womens-outdoors-event.jpg,official-site,autodiscovered from search/page metadata,,"score=0.95 | location=Toronto, Ontario, Canada | classification=program | ai_confidence=0.95 | official_source=https://hustleprocycling.ca/community-events/ | supporting_sources=https://hustleprocycling.ca/community-events/; https://hustleprocycling.ca/; https://www.lapdogs.ca/; https://www.lapdogs.ca/ldcc-calendar/2025/5/26/womens-only-road-ride-amp-club-try-out-c92l5; https://xogravel.com/"
spokesisters-ca-ottawa-ontario,,openai-web-search,"openai web search discovery for Ottawa, Ontario",https://www.spokesisters.ca/,2026-04-16 17:37:24,2026-04-16 17:37:24,pending,0.99,Spoke Sisters,"NCR Spoke Sisters is a local Ottawa cycling club that is open to registered members. Members range from 18-80+, and we offer a variety of programs and clinics based on your skill level.","NCR Spoke Sisters is a volunteer-run road cycling club in Ottawa for female-identifying cyclists. It offers a welcoming, no-drop environment with programs, clinics, and rides for everyone from beginners to advanced riders. The club’s focus is building confidence, skills, and community while supporting women in cycling.",Women Only,Road,Road,https://www.spokesisters.ca,https://www.facebook.com/ncrspokessisters,https://www.instagram.com/spokesisters,,,,,info@spokesisters.ca,,,Ottawa,Ontario,US,,,45.41117,-75.69812,"https://static.wixstatic.com/media/e78584_b0dbcd3439f04273a72afbee70eed7eb~mv2.png/v1/fill/w_100,h_78,al_c,q_85,usm_0.66_1.00_0.01,enc_avif,quality_auto/Spoke_Sisters_Logo.png",official-site,"https://static.wixstatic.com/media/e78584_905b429d83b04b67a96b5d7bc2c9ccb5%7Emv2.png/v1/fit/w_2500,h_1330,al_c/e78584_905b429d83b04b67a96b5d7bc2c9ccb5%7Emv2.png",,official-site,autodiscovered from search/page metadata,,"score=0.99 | location=Ottawa, Ontario, Canada | classification=club | ai_confidence=0.99 | official_source=https://www.spokesisters.ca/ | supporting_sources=https://www.spokesisters.ca/; https://ottawabicycleclub.ca/; https://ottawawomenscyclingclub.ca/program/; https://ottawawomenscyclingclub.ca/; https://ottawawomenscyclingclub.ca/faq/"
liv-cycling-com-hamilton-ontario,,openai-web-search,"openai web search discovery for Hamilton, Ontario",https://www.liv-cycling.com/ca/the-mtb-exchange,2026-04-16 17:37:24,2026-04-16 17:37:24,pending,0.96,Liv Cycling,"Liv is the cycling brand dedicated to women. This site connects you to your local Liv retailer and is your resource for information about Liv bikes, accessories, news, athletes, and events.","The MTB Exchange x Liv is a women-centered mountain biking ride-sharing initiative that brings together local women riders across Ontario. Hosted rides pair guest riders with women’s ride clubs, then wrap with a social après hangout, making it as much about community and friendships as it is about trail time. The program is geared toward riders who want confidence, progression, and a lively crew to shred with on blue and black trails.",Women Only,MTB,"MTB,MTB XC",https://www.liv-cycling.com,https://www.facebook.com/LivCyclingCanada,https://www.instagram.com/LivCyclingCanada,,,https://www.youtube.com/user/LivCyclingWorld,,themtbexchange@gmail.com,,,Hamilton,Ontario,Canada,,,43.25011,-79.84963,https://static.giant-bicycles.com/Images/LivCycling/Liv-Logo.png,official-site,https://static.giant-bicycles.com/Images/LivCycling/liv_default_share_image_2021.png,,official-site,autodiscovered from search/page metadata,,"score=0.96 | location=Hamilton, Ontario, Canada | classification=program | ai_confidence=0.96 | official_source=https://www.liv-cycling.com/ca/the-mtb-exchange | supporting_sources=https://www.liv-cycling.com/ca/the-mtb-exchange; https://www.newhopecommunitybikes.com/group-rides; https://hamiltoncycling.com/join/; https://wccofhamilton.ca/; https://www.waterloocyclingclub.ca/ride"
saddlesisters-ca-toronto-ontario,,openai-web-search,"openai web search discovery for Toronto, Ontario",https://saddlesisters.ca/about,2026-04-16 19:02:00,2026-04-16 19:02:00,pending,0.96,Saddle Sisters of High Park,Saddle Sisters of High Park website,"Saddle Sisters of High Park is a women-centered cycling community in Toronto that grew out of a small pandemic-era riding group into a lively network of 300+ riders. The club organizes morning rides, beginner-friendly skills sessions, and social outings, with a welcoming vibe for women, trans, femme, and non-binary cyclists. Their schedule spans road rides, gravel/trail sessions, hill repeats, and even occasional bikepacking adventures.",Women Only,Road,"Road,Gravel,Touring",https://saddlesisters.ca/,,,,,,,,,,Toronto,Ontario,Canada,,,43.70643,-79.39864,https://saddlesisters.ca/sshp/SSHPlogo-min.png,official-site,https://saddlesisters.ca/sshp/homepage.jpg,https://saddlesisters.ca/files/sshp/homepage.jpg,official-site,autodiscovered from search/page metadata,,"score=0.96 | location=Toronto, Ontario, Canada | classification=ride-group | ai_confidence=0.96 | official_source=https://saddlesisters.ca/about | supporting_sources=https://saddlesisters.ca/about; https://saddlesisters.ca/; https://saddlesisters.ca/community; https://saddlesisters.ca/files/SSHPCodeOfConduct.pdf; https://www.lapdogs.ca/"
wildbettys-com-toronto-ontario,,openai-web-search,"openai web search discovery for Toronto, Ontario",https://www.wildbettys.com/ClubInfo/AboutWildBettys.aspx,2026-04-16 19:02:00,2026-04-16 19:02:00,pending,0.98,Wild Bettys,Wild Bettys,"Wild Bettys is a women’s mountain biking club built around riding, racing, training, and fun. Its site says the club welcomes women of all ages and abilities, offers weekly Tuesday evening rides in the Don Valley trail system, and runs beginner rides, weekend destination rides, and skills clinics. ([wildbettys.com](https://www.wildbettys.com/ClubInfo/AboutWildBettys.aspx))",Women Only,MTB,MTB,https://www.wildbettys.com/,https://www.facebook.com/WildBettys,https://www.instagram.com/wildbettys,https://twitter.com/wildbettys,wildbettys,https://www.youtube.com/user/WildBettys,,,,,Toronto,Ontario,Canada,,,43.70643,-79.39864,"https://www.wildbettys.com/Portals/_default/skins/polo/),url(./fonts/fontawesome-webfont.svg?v=4.7.0#fontawesomeregular) format(",official-site,https://www.wildbettys.com/Portals/1/dnn_large_banner.png,,official-site,autodiscovered from search/page metadata,,"score=0.98 | location=Toronto, Ontario, Canada | classification=club | ai_confidence=0.98 | official_source=https://www.wildbettys.com/ClubInfo/AboutWildBettys.aspx | supporting_sources=https://www.wildbettys.com/ClubInfo/AboutWildBettys.aspx; https://www.wildbettys.com/; https://www.lapdogs.ca/; https://www.lapdogs.ca/ldcc-calendar/2025/5/26/womens-only-road-ride-amp-club-try-out-c92l5; https://www.womenscyclingnetwork.ca/"
womenscyclingnetwork-ca-toronto-ontario,,openai-web-search,"openai web search discovery for Toronto, Ontario",https://www.womenscyclingnetwork.ca/,2026-04-16 19:02:00,2026-04-16 19:02:00,pending,0.98,Women's Cycling Network,WCN promotes cycling as wheels of empowerment for women of all backgrounds.,"Women’s Cycling Network is a Toronto-based women-focused cycling community that grew out of a 2017 effort to help women learn to ride and feel safer on bikes. The group brings together new and experienced riders, and supports members through advocacy, education, group rides, meet-ups, and bike access initiatives. It has a strong empowerment-and-community vibe, with cycling framed as a path to freedom, confidence, and everyday mobility.",Women Only,,,https://www.womenscyclingnetwork.ca/,,https://www.instagram.com/womenscyclingnetwork.gta,https://twitter.com/WCN_GTA_tweets,WCN_GTA_tweets,,,womenscyclingnetwork.gta@gmail.com,,,Toronto,Ontario,Canada,,,43.70643,-79.39864,https://www.womenscyclingnetwork.ca/asset/image/cycleto-logo.png,official-site,https://www.womenscyclingnetwork.ca/asset/image/hero-main.jpg,https://www.womenscyclingnetwork.ca/asset/image/newCover1.jpg,official-site,autodiscovered from search/page metadata,,"score=0.98 | location=Toronto, Ontario, Canada | discipline needs review | classification=program | ai_confidence=0.98 | official_source=https://www.womenscyclingnetwork.ca/ | supporting_sources=https://www.womenscyclingnetwork.ca/; https://www.cycleto.ca/womens-cycling-network-bike-match-program; https://www.lapdogs.ca/; https://www.lapdogs.ca/ldcc-calendar/2025/5/26/womens-only-road-ride-amp-club-try-out-c92l5; https://www.tbccycling.ca/"
femmesandfriends-ca-toronto-ontario,,openai-web-search,"openai web search discovery for Toronto, Ontario",https://femmesandfriends.ca/,2026-04-16 19:02:00,2026-04-16 19:02:00,pending,0.96,Femmes & Friends,"Femmes & Friends is a Toronto-based collective built around welcoming bike rides and community events for women, femmes, and their friends. The site describes a no-drama, judgment-free atmosphere with rides and gatherings that emphasize inclusion, support, and getting more people comfortable on bikes.","Femmes & Friends is a Toronto-based collective built around welcoming bike rides and community events for women, femmes, and their friends. The site describes a no-drama, judgment-free atmosphere with rides and gatherings that emphasize inclusion, support, and getting more people comfortable on bikes.",Women Only,,,https://femmesandfriends.ca/,https://www.facebook.com/groups/815404176818216,https://www.instagram.com/femmesandfriendsbike,,,,,,,,Toronto,Ontario,Canada,,,43.70643,-79.39864,https://femmesandfriends.ca/wp-content/uploads/2024/06/cropped-fnfLogo-180x180.png,official-site,https://femmesandfriends.ca/wp-content/plugins/instagram-feed/img/placeholder.png,,official-site,autodiscovered from search/page metadata,,"score=0.96 | location=Toronto, Ontario, Canada | discipline needs review | classification=ride-group | ai_confidence=0.96 | official_source=https://femmesandfriends.ca/ | supporting_sources=https://femmesandfriends.ca/; https://www.lapdogs.ca/; https://www.lapdogs.ca/ldcc-calendar/2025/5/26/womens-only-road-ride-amp-club-try-out-c92l5; https://www.womenscyclingnetwork.ca/; https://www.tbccycling.ca/"
ottawawomenscyclingclub-ca-ottawa-ontario,,openai-web-search,"openai web search discovery for Ottawa, Ontario",https://ottawawomenscyclingclub.ca/program/,2026-04-16 19:02:00,2026-04-16 19:02:00,pending,0.99,Ottawa Women's Cycling Club,"FREQUENTLY ASKED QUESTIONS General New & Potential Members Current Members KIT Photo by On The Rivet General How can I register? Details on how to register can be found on the Join page.Before joining, take a moment to review our Program, FAQ's, and Membership Requirements to ensure the OWCC is the right fit for you!…","The Ottawa Women’s Cycling Club is a volunteer-run, not-for-profit cycling club in Ottawa-Gatineau built for women and people who identify as women. Its program centers on road and gravel group rides, plus clinics, socials, and special events, with no-drop rides and a friendly, community-driven feel. ([ottawawomenscyclingclub.ca](https://ottawawomenscyclingclub.ca/?utm_source=openai))",Women Only,Road,"Road,Gravel",https://ottawawomenscyclingclub.ca/,https://www.facebook.com/groups/293820448247185,https://www.instagram.com/ottawawomenscyclingclub,,,,https://www.strava.com/clubs/OWCC,,,,Ottawa,Ontario,Canada,,,45.41117,-75.69812,https://ottawawomenscyclingclub.ca/wp-content/uploads/2025/02/cropped-owcclogo-2-e1738800191988.png,official-site,https://c02.purpledshub.com/uploads/sites/39/2023/05/Trek-Emonda-AL5-02-2406262.jpg?w=657&webp=1,https://ottawawomenscyclingclub.ca/wp-content/uploads/2025/02/img_0502.jpg,official-site,autodiscovered from search/page metadata,,"score=0.99 | location=Ottawa, Ontario, Canada | classification=club | ai_confidence=0.99 | official_source=https://ottawawomenscyclingclub.ca/program/ | supporting_sources=https://ottawawomenscyclingclub.ca/program/; https://ottawawomenscyclingclub.ca; https://ottawawomenscyclingclub.ca/; https://ottawawomenscyclingclub.ca/faq/; https://ottawabicycleclub.ca/"
ottawabicycleclub-ca-ottawa-ontario,,openai-web-search,"openai web search discovery for Ottawa, Ontario",https://ottawabicycleclub.ca/womens-rides/,2026-04-16 19:02:00,2026-04-16 19:02:00,pending,0.98,Women’s Time Trials,"The women’s time trial series was created in 1989 as a way of encouraging the development of female cyclists by providing them with their own time trial series. Today, participants/riders in the WTT series range from recreational participants to serious racers of all ages and abilities. The series is run by volunteers and as such we","Ottawa Bicycle Club is a real, member-based cycling club in Ottawa with a full calendar of recurring rides, clinics, tours, and social events. It also offers women’s-only rides and a women’s time trial series created to help female cyclists build confidence and skills, alongside road and gravel programming for a broader membership. The club’s vibe is welcoming and community-oriented, with ride hosts, group leaders, and a strong emphasis on safe group riding.",Women Only,Road,"Road,Gravel",https://ottawabicycleclub.ca/,http://www.facebook.com/OttawaBicycleClub,https://www.instagram.com/ottawabicycleclub,http://twitter.com/ottbicycleclub,ottbicycleclub,https://www.youtube.com/@ottbicycleclub,https://www.strava.com/segments/25402352,,,,Ottawa,Ontario,Canada,,,45.41117,-75.69812,https://ottawabicycleclub.ca/wp-content/uploads/2022/11/OBCSquareBlue.jpg,official-site,https://ottawabicycleclub.ca/wp-content/uploads/2022/11/WomensRide2-1024x683.jpeg,https://ottawabicycleclub.ca/womens-rides/\/\/ottawabicycleclub.ca\/wp-content\/uploads\/2022\/11\/OBCSquareBlue.jpg::https://ottawabicycleclub.ca/wp-content/uploads/2022/11/GroupRidingClinic-1024x682.jpg::https://ottawabicycleclub.ca/wp-content/uploads/2022/11/Road-1024x683.jpg::https://ottawabicycleclub.ca/wp-content/uploads/2022/11/Gravel-1024x683.jpg::https://ottawabicycleclub.ca/wp-content/uploads/2022/11/YouthMountain-1024x749.jpg,official-site,autodiscovered from search/page metadata,,"score=0.98 | location=Ottawa, Ontario, Canada | classification=club | ai_confidence=0.98 | official_source=https://ottawabicycleclub.ca/womens-rides/ | supporting_sources=https://ottawabicycleclub.ca/womens-rides/; https://ottawabicycleclub.ca; https://ottawabicycleclub.ca/; https://ottawabicycleclub.ca/about/; https://ottawabicycleclub.ca/wtt/"
ottawamba-org-ottawa-ontario,,openai-web-search,"openai web search discovery for Ottawa, Ontario",https://ottawamba.org/mtb-chicks-womens-rides/,2026-04-16 19:02:00,2026-04-16 19:02:00,pending,0.98,MTB Chicks,"MTB Chicks is an informal women-focused mountain biking group run as a subgroup of the Ottawa Mountain Bike Association. It brings riders together for inclusive, supportive MTB outings around Ottawa, with recurring rides that range from confidence-building sessions to more technical trail adventures. The group’s vibe is social and welcoming, with a clear emphasis on helping riders explore new trails, build skills, and enjoy the community.","MTB Chicks is an informal women-focused mountain biking group run as a subgroup of the Ottawa Mountain Bike Association. It brings riders together for inclusive, supportive MTB outings around Ottawa, with recurring rides that range from confidence-building sessions to more technical trail adventures. The group’s vibe is social and welcoming, with a clear emphasis on helping riders explore new trails, build skills, and enjoy the community.",Mixed Gender,MTB,MTB,https://ottawamba.org/,https://www.facebook.com/ottawamba,https://www.instagram.com/ottawamountainbikeassociation,,,,,mtbchicks@ottawamba.org,,,Ottawa,Ontario,Canada,,,45.41117,-75.69812,https://ottawamba.org/wp-content/uploads/2025/06/cropped-OMBA_AVMO_transparent_bg-copy.png,official-site,https://ottawamba.org/mtb-chicks-womens-rides/kingdom-trails.jpg,https://ottawamba.org/mtb-chicks-womens-rides/\/\/ottawamba.org\/wp-content\/uploads\/2025\/06\/cropped-OMBA_AVMO_transparent_bg-copy.png::https://ottawamba.org/wp-content/uploads/2025/05/Alex-Salamander-1024x576-1.jpg,official-site,autodiscovered from search/page metadata,,"score=0.98 | location=Ottawa, Ontario, Canada | classification=ride-group | ai_confidence=0.98 | official_source=https://ottawamba.org/mtb-chicks-womens-rides/ | supporting_sources=https://ottawamba.org/mtb-chicks-womens-rides/; https://ottawamba.org; https://ottawamba.org/; https://ottawabicycleclub.ca/; https://ottawawomenscyclingclub.ca/program/"
cycleryracing-ca-ottawa-ontario,,openai-web-search,"openai web search discovery for Ottawa, Ontario",https://cycleryracing.ca/about/,2026-04-16 19:02:00,2026-04-16 19:02:00,pending,0.98,Cyclery Racing,The new Cyclery Racing website is launching soon.,"Cyclery Racing is an Ottawa-based women’s cycling team and one of Canada’s longest-running women’s road programs. Its official site describes a legacy of elite results and international racing, while recent team updates show the riders training, sprinting, and racing together on the road and at the track. ([cycleryracing.ca](https://cycleryracing.ca/about/?utm_source=openai))",Women Only,Road,"Road,Track",https://cycleryracing.ca/,,https://www.instagram.com/cycleryracing,,,,,vince@thecyclery.ca,,,Ottawa,Ontario,Canada,,,45.41117,-75.69812,https://cycleryracing.ca/icon.svg?icon.0sp6jz4cu~j38.svg,official-site,,,,autodiscovered from search/page metadata,,"score=0.98 | location=Ottawa, Ontario, Canada | classification=team | ai_confidence=0.98 | official_source=https://cycleryracing.ca/about/ | supporting_sources=https://cycleryracing.ca/about/; https://cycleryracing.ca; https://ottawabicycleclub.ca/; https://ottawawomenscyclingclub.ca/program/; https://ottawawomenscyclingclub.ca/"
quickcranks-ca-ottawa-ontario,,openai-web-search,"openai web search discovery for Ottawa, Ontario",https://quickcranks.ca/fr/pages/quick-cranks-racing,2026-04-16 19:02:00,2026-04-16 19:02:00,pending,0.98,Quick Cranks,"Ottawa’s bike shop for bikes, service, and cycling gear. Shop online across Canada or visit Quick Cranks for expert advice and professional bike service.","Quick Cranks Racing is a community-first Ottawa–Gatineau race team and ride program built for riders who want support, skills, and a bit of speed without the ego. Its official site also highlights a women’s team that centers confidence, group rides, skills development, and optional racing, making it especially welcoming for women who want a place to grow in the sport. The program spans road, gravel, mountain bike, and cyclocross, with a strong emphasis on camaraderie and accessibility.",Women Only,MTB,"MTB,Road,Gravel,Cyclo-cross",https://quickcranks.ca,https://Facebook.com/quickcranks,https://instagram.com/quickcranks,,,,,,,,Ottawa,Ontario,Canada,,,45.41117,-75.69812,https://cdn.shopify.com/static/images/flags/ca.svg?width=20,official-site,https://quickcranks.ca/cdn/shop/files/CA4A3725_84ce3bd7-fe71-44e2-ad5a-5e2b295123a1.jpg?v=1770402662&width=1100,https://quickcranks.ca/cdn/shop/files/CA4A5922.jpg?v=1767716501&width=1100::https://quickcranks.ca/cdn/shop/files/DSF5673-slimC.jpg?v=1768006417&width=1100::https://quickcranks.ca/cdn/shop/files/e-milano-hd-acera_v3.png?v=1769727641&width=2048::https://quickcranks.ca/cdn/shop/files/Devinci23_eMob_AV-0672.jpg?v=1769727972&width=2400::https://quickcranks.ca/cdn/shop/files/45nrth-draugenklaw-flat-bar-pogies-1245541-1.png?v=1768179092&width=1200,official-site,autodiscovered from search/page metadata,,"score=0.98 | location=Ottawa, Ontario, Canada | classification=team | ai_confidence=0.98 | official_source=https://quickcranks.ca/fr/pages/quick-cranks-racing | supporting_sources=https://quickcranks.ca/fr/pages/quick-cranks-racing; https://quickcranks.ca; https://ottawabicycleclub.ca/; https://ottawawomenscyclingclub.ca/program/; https://ottawawomenscyclingclub.ca/"
midweekcyclingclub-ca-mississauga-ontario,,openai-web-search,"openai web search discovery for Mississauga, Ontario",https://www.midweekcyclingclub.ca/race2,2026-04-16 19:02:00,2026-04-16 19:02:00,pending,0.93,Midweek Cycling Club,"Midweek Cycling Club is a volunteer-powered bike racing program in Toronto and Mississauga that offers a welcoming path from learn-to-race sessions to weekly crit racing. Its race schedule includes women’s categories, and the club also runs cyclocross skills-and-drills sessions for riders of all levels. The overall vibe is community-minded, safety-focused, and built to help more riders grow into the sport together.","Midweek Cycling Club is a volunteer-powered bike racing program in Toronto and Mississauga that offers a welcoming path from learn-to-race sessions to weekly crit racing. Its race schedule includes women’s categories, and the club also runs cyclocross skills-and-drills sessions for riders of all levels. The overall vibe is community-minded, safety-focused, and built to help more riders grow into the sport together.",Women Only,Cyclo-cross,Cyclo-cross,https://www.midweekcyclingclub.ca,https://www.facebook.com/MidweekCycling,https://www.instagram.com/midweekcycling,https://twitter.com/midweekcycling,midweekcycling,,https://www.strava.com/clubs/midweek-cycling-club-6392,info@midweekclub.ca,,,Toronto and Mississauga,Ontario,Canada,,,43.5789,-79.6583,http://static1.squarespace.com/static/62fe9b0721b84f486f50e274/t/630670528681433ab0458cdc/1661366354211/Badge+and+logo.png?format=1500w,official-site,https://images.squarespace-cdn.com/content/v1/62fe9b0721b84f486f50e274/41f04650-0d8c-4b39-a5da-acd03b7d773d/20210810-DSC05520.jpg,,official-site,autodiscovered from search/page metadata,,"score=0.93 | location=Mississauga, Ontario, Canada | classification=program | ai_confidence=0.93 | official_source=https://www.midweekcyclingclub.ca/race2 | supporting_sources=https://www.midweekcyclingclub.ca/race2; https://www.midweekcyclingclub.ca/; https://www.midweekcyclingclub.ca/learn; https://www.womensride.ca/en; https://echeloncycling.ca/"
newhopecommunitybikes-com-hamilton-ontario,,openai-web-search,"openai web search discovery for Hamilton, Ontario",https://www.newhopecommunitybikes.com/womens-programming,2026-04-16 19:02:00,2026-04-16 19:02:00,pending,0.98,New Hope Community Bikes,"Tour de MTB is New Hope Community Bikes’ beginner-friendly women’s mountain bike ride program in Hamilton. It’s designed to help women build basic MTB skills and confidence on the trails, with a welcoming, supportive vibe and room for riders who are a bit more experienced too.","Tour de MTB is New Hope Community Bikes’ beginner-friendly women’s mountain bike ride program in Hamilton. It’s designed to help women build basic MTB skills and confidence on the trails, with a welcoming, supportive vibe and room for riders who are a bit more experienced too.",Women Only,MTB,MTB,https://www.newhopecommunitybikes.com,https://www.facebook.com/share/g/163vLaE4ov,https://www.instagram.com/everyoneridesinitiative,,,,,user@domain.com,,,Hamilton,Ontario,Canada,,,43.25011,-79.84963,https://images.squarespace-cdn.com/content/v1/5e10bd787524d75d5e203b79/cdd2480c-5757-41d3-bf53-6973c8016d38/corporate-logo-black.png,official-site,https://images.squarespace-cdn.com/content/v1/5e10bd787524d75d5e203b79/1659470452986-HQ2XHC647PCZVFIKQK7J/My+project-1%281%29.png,,official-site,autodiscovered from search/page metadata,,"score=0.98 | location=Hamilton, Ontario, Canada | classification=ride-group | ai_confidence=0.98 | official_source=https://www.newhopecommunitybikes.com/womens-programming | supporting_sources=https://www.newhopecommunitybikes.com/womens-programming; https://www.newhopecommunitybikes.com/group-rides; https://www.newhopecommunitybikes.com/; https://hamiltoncycling.com/join/; https://www.womensride.ca/en"
ancastervelo-ca-hamilton-ontario,,openai-web-search,"openai web search discovery for Hamilton, Ontario",https://www.ancastervelo.ca/rides,2026-04-16 19:02:00,2026-04-16 19:02:00,pending,0.98,Ancaster Velo,"A page with information about group levels, ride leaders, start times and location, cancellations and routes, feature rides, try-a-rides, what to bring, etc.","Ancaster Velo’s Women’s Ride Week is a women-focused annual ride program within the club, with a special week of cycling activities set for the first week of June 2026. The page invites women to join two supported ride options, framed as a friendly community effort to get more ladies out on their bikes. It sits alongside the club’s broader road and gravel ride calendar, which includes regular group rides and rider guidance.",Mixed Gender,Road,"Road,Gravel",https://www.ancastervelo.ca,https://www.facebook.com/groups/166994426825866,,https://twitter.com/AncasterVelo1,AncasterVelo1,,,lesley.scime@gmail.com,,,Ancaster,Ontario,Canada,,,43.25011,-79.84963,"https://static.wixstatic.com/media/45a901_115183ffbca240faa6e3698e79a60727~mv2.png/v1/fill/w_228,h_62,al_c,q_85,usm_0.66_1.00_0.01,enc_avif,quality_auto/45a901_115183ffbca240faa6e3698e79a60727~mv2.png",official-site,"https://static.wixstatic.com/media/cdecb4_954f13c9de2a464184e53d9228f7755f~mv2.png/v1/fill/w_229,h_120,al_c,q_85,enc_avif,quality_auto/group_riding-03.png","https://www.ancastervelo.ca/groupRide.png::https://static.wixstatic.com/media/601903_ccd860d505044d9b906f5a6b2ca12411~mv2.jpg/v1/fill/w_980,h_381,al_c,q_85,usm_0.66_1.00_0.01,enc_avif,quality_auto/featureRide_edited.jpg::https://www.ancastervelo.ca/group_riding-03.png",official-site,autodiscovered from search/page metadata,,"score=0.98 | location=Hamilton, Ontario, Canada | classification=club | ai_confidence=0.98 | official_source=https://www.ancastervelo.ca/rides | supporting_sources=https://www.ancastervelo.ca/rides; https://www.ancastervelo.ca/; https://www.ancastervelo.ca/group-riding; https://www.newhopecommunitybikes.com/womens-programming; https://hamiltoncycling.com/join/"
